,Company,Datetime,Content
0,PVH,2022-03-07,"ConsumerBarron's TakeRalph Lauren, PVH Shares Are Tumbling. The War in Ukraine Is Hurting Both, Analyst Says.ByLogan MooreFollowImmediatelyDaily digestCANCELUPDATEMarch 7, 2022 12:59 pm ETOrder ReprintsPrint ArticleText sizeA display of Ralph Lauren bath towelsKrisztian Bocsi/BloombergShares of apparel companiesRalph LaurenandPVHwere falling sharply Monday afternoon amid Russia’s invasion in Ukraine. The losses could get steeper, according to Wedbush analysts.Ralph Lauren (ticker: RL) stock was down 10% to $104.78 while PVH (ticker PVH)—which owns brands including Tommy Hilfiger, Calvin Klein, and Warner’s—was down 13% to $68.95. Ralph Lauren stock has fallen 17% the last 12 months, while PVH stock has fallen 35%.As a result of the fighting, and the companies’ reliance on European growth, Wedbush analyst Tom Nikic downgraded shares of Ralph Lauren to Neutral from Outperform, and cut the price target to $127 from $150. He also downgraded PVH stock to Neutral from Outperform, and cut the price target to $85 from $140.Newsletter Sign-upThe Barron's DailyA morning briefing on what you need to know in the day ahead, including exclusive commentary from Barron's and MarketWatch writers.PREVIEWSUBSCRIBEEuropean sales accounted for about 45% of PVH’s total 2021 revenue, while the percentage for Ralph Lauren stood at about 28%, Nikic wrote in a research report Monday.“It’s becoming increasingly likely that the war could spill over into consumer sentiment across the European continent, particularly in light of the news last week that fighting had taken place at the largest nuclear reactor in Europe,” Nikic wrote.Another way to look at it, he said, is to consider where these brands are in their Covid-19 recoveries region-by-region. For Ralph Lauren, Europe has been a little bit faster to recover than North America, though not dramatically so, Nikic said. During fiscal 2021, European revenue was about 5% below 2019, whereas North American revenue has been much slower to recover. PVH has also experienced a similar recovery.It’s likely European consumer sentiment could materially worsen as the conflict persists, he said.Write to Logan Moore atlogan.moore@barrons.com."
1,PVH,2021-05-30,"LIVEU.S. Futures Rise Ahead of Memorial Day HolidayBy Janet H. ChoUpdated May 30, 2021 6:37 pm ET / Original May 30, 2021 1:26 pm ETOrder ReprintsPrint ArticleFlags adorn a golf cart before a Memorial Day weekend parade on May 29, 2021 in Myrtle Beach, South Carolina. (Photo by Sean Rayford/Getty Images)Getty ImagesText sizeHere’s what you need to know to navigate the markets today.• U.S. stock and bond markets are closed in observance of Memorial Day on Monday.On Sunday night, Dow Jones Industrial Average futures gained 25 points, or 0.1%, while the S&P 500 gained 0.1% and Nasdaq Composite futures increased 0.2%.This week’sZoom, Lululemon, Canopy Growth, and Other Stocks to Watch This WeekMarkets are closed for Memorial Day. Then, Zoom, Broadcom, Lululemon, and Canopy Growth report earnings. And Friday brings the May jobs report.Continue readingearnings include:Zoom Video Communications,Canopy Growth,Campbell Soup,andHewlett Packard Enterpriseon Tuesday;Advance Auto Parts,NetApp,PVH Corp., andJ.M. Smuckeron Wednesday; andBroadcom,DocuSign,andLululemon Athleticaon Thursday. Highlights of this week’s economic news events include: the Organization for Economic Cooperation and Development reports its latest economic outlook on Monday, the Census Bureau reports construction spending for April on Tuesday, the Federal Reserve releases the beige book on Wednesday, and the Bureau of Labor Statistics will release its May jobs report on Friday.•Transportation Secretary Pete Buttigieg said Congress needs “a clear direction” when it resumes negotiations over infrastructure next week.He told CNN’s “State of the Union” on Sunday that it was “certainly encouraging” that the two sides are discussing plans, but  Congress needs a clear direction by the time it returns to Washington on June 7. “The American people expect us to do something, they expect us to deliver,”  he said. Senate Republicans on Thursday made a $928 billion counteroffer to President 
Joe Biden’s
 revised $1.7 trillion infrastructure plan, but the two sides remain divided on what the final package should include. “Especially because things we consider very important — from making sure that we’re sparking an electric vehicle revolution and that it happens in the U.S. with American workers on American soil, to the President’s commitment to make sure that we get rid of 100% of lead pipes in this country — we didn’t see as much of that in the counterproposal,” Buttigieg said, adding that the administration is getting “pretty close to a fish-or-cut-bait moment” in its negotiations. Biden is meeting this week with 
Sen. Shelley Moore Capito
 (R., W.Va.), the lead GOP negotiator, who told “Fox News Sunday” that “I think we are building those blocks towards a really good, solid infrastructure package that has bipartisan support… [the president] told me on the phone just the day before yesterday, ‘Let’s get this done.’”• President Joe Biden on Saturday called Texas Senate Bill 7 “wrong and un-American,” saying Texas lawmakers are promoting a state law that “attacks the sacred right to vote.”The proposed legislation, negotiated behind closed doors over the past week, includes new provisions that limit early voting hours, restrict local voting options and tighten voting-by-mail, ban drive-through voting, and require ID for mail-in ballots, among other measures, The Texas Tribunereported. It would make it easier to overturn an election if fraudulent votes are suspected, and lowers the burden of proof for voter fraud from “clear and convincing evidence” to “preponderance of evidence,” The Houston Chroniclereported. Bidensaid: “It’s part of an assault on democracy that we’ve seen far too often this year—and often disproportionately targeting Black and Brown Americans” referring to similar laws passed in Georgia and Florida. “In the 21stcentury, we should be making it easier, not harder, for every eligible voter to vote.” He called on Congress to pass the For the People Act and the 
John Lewis
 Voting Rights Advancement Act.• The number of people traveling through U.S. airports set a new pandemic record of nearly1.96 millionon Friday, the highest count so far this year,according to airport checkpoint figures logged by the Transportation Security Administration. That’s 24% less than the 2.57 million that flew through U.S. airports on May 28, 2019, but six times the 327,133 people who flew on that date in 2020.  Another 1.61 million people passed through airport checkpoints on Saturday. More than 37 million Americans are expected to travel over this Memorial Day weekend, unofficially the start of summer, including 34.4 million who will take road trips, according toAAA. Gas prices on Sunday averaged$3.04per gallon nationwide.Write toeditors@barrons.com"
2,PVH,2021-04-09,"MarketsAfter the BellThe Dow Rose 297 Points. Inflation Signs Are Lifting Bank and Industrials Stocks.ByJacob SonenshineApril 9, 2021 4:57 pm ETOrder ReprintsPrint ArticleText sizeSigns of a strong economy lifted the Dow and the S&P 500 to records.Stocksrose FridayStocks Close at New Highs as Inflation Readings Top ForecastsThe Nasdaq Composite exited correction territory and is 1.4% off its all-time closing high.Continue reading, led by some of the most economically sensitive sectors, and powered theDow Jones Industrial AverageandS&P 500indexes to records. The rally comes as inflationary signals emerged convincingly.The Dow rose 297.03 points, or 0.89%, to close at 33,800.60, and the S&P 500 tacked on 31.63 points, or 0.77%, to end at 4,128.80. TheNasdaq Compositerose 70.88 points, or 0.51%, to close at 13,900.19. The biggest gainer in the S&P 500 wasPVH(ticker: PVH), an apparel maker whose shares soared 5.6%.Economic data signaled more than a whiff of inflation. The producer price index, which measures the prices of goods manufacturers are buying, rose 1% in March from February, beating estimates for a 0.4% rise. Year over year, the index rose 4.2%, the biggest such increase since 2011, according to Citigroup economists. Strong demand and supply shortages both contributed to the notable uptick in prices. Investors are watching whether the producer price inflation will flow through into consumer inflation—in other words,companies may pass higher costs along to the consumerCompanies Are Feeling the Inflation Pinch. What to Watch Next.If companies pass on rising costs to customers, that would make inflation more widespread and would have serous implications for stocks.Continue reading.Editor's ChoiceData released Friday also show that Chinese manufacturers paid 4.4% higher prices year over year. If the cost for U.S. importers to buy Chinese goods rises, that could present another reasons for companies to raise prices for the consumer.Should inflation keep running above expectations, the Federal Reserve would bemore likely to lift interest ratesThe Fed Could Start Pulling Back on Support Next Year. What That Means for Stocks.If the Federal Reserve buys fewer bonds, their prices would be pressured and their rates would likely rise—and higher interest rates pressure stock valuations.Continue readingahead of schedule. To be sure,the Fed has consistently reiterated its policy will remain accommodative5 Things You Might Have Missed in the Fed’s MinutesFederal Reserve officials aren't worried about inflation. But a few are concerned about signs of excess in financial markets.Continue readingof the economy and financial markets for the foreseeable future, but investors are taking note of the inflationary dynamics in the economy; The 10-year Treasury yield inched up to 1.66% on Friday from 1.63%.This type of economic environment—one driven by strengthening demand—is a major positive for mature companies whose fortunes are tied to the current perceived strength of the economy. Banks, for example, had a strong day, with theSPDR S&P BankETF (KBE) up 1.0%. Banks make more loans when the economy thrives and those loans are more profitable when long-dated interest rates rise. The industrial group posted strong gains as well, with theIndustrial Select Sector SPDRETF (XLI) up 1.0%.Energy stocks, though, had a rough day because the price of crude oil fell 0.4% to $59.35 a barrel. The price of oil is up more than 20% this year, but has recently fallen 10% from its 2021 high after a torrid run. TheEnergy Select Sector SPDRFund (XLE) fell 0.7% Friday.Growth stocks underperformed cyclicals, as rising inflation and long-dated interest rates erode the value of future cash flows; by their nature, companies that are still growing will see the bulk of their profits potentially years down the line. TheNasdaq 100,an index of large-capitalization growth technology stocks, managed to eke out a gain of 0.6%.Keep watching inflation and the Fed.Write toJacob Sonenshine atjacob.sonenshine@barrons.com"
3,PVH,2021-03-29,"RetailStreet NotesPVH’s Earnings May Not Wow, but Don’t Write Off the Stock, Analyst SaysByTeresa RivasMarch 29, 2021 10:04 am ETOrder ReprintsPrint ArticleText sizePVH's Calvin Klein brand ""looks very lean,"" according to Piper Sandler's Erinn Murphy.Peter Boer/BloombergPVH reports fourth-quarter results on Tuesday, and Piper Sandler warns the pandemic will keep hampering the apparel maker—although its stock still looks like a good bet longer term.Shares of PVH (ticker: PVH) are down 0.9% to $100.99 in morning trading Monday. The stock is up 8.5% year to date, and have risen nearly 167% in the past 12 months.Analyst Erinn Murphy reiterated her Overweight rating and raised her price target to $109 from $93.Murphy is upbeat about PVH’s prospects this year and beyond, but warns there are several factors that probably affected the coming results. These include ongoing store closures in Europe, an area that accounts for about 28% of the company’s sales; foreign exchange rates; and ongoing supply chain constraints at ports, a factor that’sweighed on other companiesInvestors Couldn’t Wait for Nike Earnings. Here’s Why They Appear Disappointed.Nike posted fiscal-third quarter sales that came in just shy of expectations. Digital sales for the Nike brand surged 59% in the quarter, however.Continue readinglikeNike(NKE) this earnings season.Yet at the same time, a number of these factors look temporary, which help to bolster her longer-term bullishness on the stock.Murphy is also upbeat about the company’s lower promotional activity for both its Calvin Klein and Tommy Hilfiger brands over the key holiday season, a trend that appears to have continued into the new year. “Calvin Klein in particular looks very lean and supported by new marketing signage, with a return to the contemporary aesthetic (tan, black, and white) with pops of color,” she notes, while Tommy Hilfiger’s women’s inventory looks to have improved since the fall.Also, Murphy thinks investors will be looking for any color PVH can provide about the impact of China’s targeting of Western brands since it will be the first global brand to report earnings since the tensions quickly escalated over China’salleged human rights abusesNike and H&M Face China Backlash Over Xinjiang Human-Rights StanceThe U.S., U.K., EU, and Canada launched coordinated sanctions against China on Monday over alleged human-rights abuses in Xinjiang.Continue reading. Stefan Larsson will also be on his first conference call as the company’s CEO, though he may not provide investors with full-year guidance, she notes.Write to Teresa Rivas atteresa.rivas@barrons.com"
4,PVH,2020-10-08,"RetailStreet NotesTapestry Stock Has Tumbled in 2020. Why That Could Change.ByTeresa RivasOct. 8, 2020 3:14 pm ETOrder ReprintsPrint ArticleText sizeBrendon Thorne/BloombergTapestrystock has plunged more than 30% in 2020, as demand for pricey handbags and fashionable streetwear waned during the Covid-19 pandemic. However, Deutsche Bank says there are near-term reasons to get more optimistic about the shares.Analyst Paul Trussell reiterated a Buy rating and $21 price target on Tapestry (ticker: TPR), 13.5% above where the shares trade today. He notes he is heartened by recent commentary by peers of Tapestry, which owns the Coach, Kate Spade, and Stuart Weitzman brands.There have been plenty of positive updates from other apparel firms that could bode well for Tapestry, he says/ Last month,Capri Holdings(CPRI) said its total retail sales were down about 15%, an improvement from the summer, while earlier this week,Levi Strauss& Co. (LEVI) reported asurprise profit for its third quarterWhy Levi’s Surprise Earnings Beat Is Good News for Target StockLevi delivered a surprise profit in its third quarter, and that is good news for retail partner Target, too, according to Raymond James.Continue reading.Costco Wholesale(COST) has also noted an uptick in spending in apparel, whilePVH(PVH) said its direct-to-consumer, or DTC, business in mainland China was up double-digits quarter to date in September.Trussell says consumers are utilizing “reallocated entertainment and travel dollars to purchase the latest fashions.” Moreover, he likes that Tapestry appears to be running fewer promotions at Coach, and thinks that brand—as well as Tapestry’s overall business—can benefit from a high level of DTC sales.In addition, about 40% of Coach’s U.S. stores are outlets, often in outdoor locations—an area of retail that appears to be “on a much faster pace of recovery vs. enclosed malls,” he writes. Recent collaborations—including with the estate of American artist Jean-Michel Basquiat and the Marvel Universe of characters—also “put the business on positive trajectory.”Trussell previouslyupgraded Tapestry sharesTapestry Stock Jumps After an Analyst Says It Is Too CheapThe stock has struggled as consumers have largely been spending less on apparel and accessories during the pandemic, while also focusing on value over luxury.Continue readingin September, although the stock hasn’t done much since. The company reported a smaller-than-expected loss in August.Tapestry is up 3.5% to $18.50 in recent trading.Write toTeresa Rivas atteresa.rivas@barrons.com"
5,PVH,2020-06-04,"OwnGood Company: How Tommy Hilfiger Weathers a Global Retail ShutdownByGeoff NudelmanUpdated June 4, 2020 2:07 pm ETOrder ReprintsPrint ArticleTo respond to the Covid-19 crisis, Tommy Hilfiger implemented a range of internal and external strategies to remain economically secure.Tommy HilfigerText sizeAs the Covid-19 crisis shuttered brick-and-mortar retail around the world, among the first to take a direct hit were the traditional fashion brands that carry their own expansive footprint, but also build the foundations of Macy’s, JCPenney, Bloomingdale’s, and other department stores.One of the largest brands in this category isTommy Hilfiger, a multi-billion-dollar brand under the PVH Corporation umbrella, which also owns Calvin Klein and a range of smaller “heritage brands” like Izod and Van Heusen.“No one could have predicted the full extent of this global health crisis,” says Daniel Grieder,  ormer CEO of 
Tommy Hilfiger
 Global and PVH Europe. “The short-term impact on the industry is huge.” (Grieder was interviewed for this story prior to his resignation from PVH on June 2, and his successor was unavailable for additional comment in time for publishing.)While PVH didn’t disclose specific estimated losses, the company implemented a range ofinternal and external strategiesto remain economically secure. This included furloughs, credit draw-downs, and selling off its Speedo North America business.Calling the strategic change and response to the sudden halt in non-online business significant would be an understatement.“We went from closing our global store network and putting our marketing plans on hold, to fully reinventing our retail marketing strategy within 10 days,” he says.This strategy included an accelerated focus toward e-commerce and digitalization, something that was arguably happening across the industry already as large-scale brick and mortar declines in relevancy. The brand launched their first livestream shopping event in Europe and North America and experimented with same-day delivery in Amsterdam with their retail stores delivering directly to consumers.Grieder, 58, says that Tommy Hilfiger already had “strong investments” in digital platforms and technology and current conditions meant it was time to move even faster with those plans.THE ITEMSTommy Hilfiger has an iconic range of products for men, women, children, and home. The red, white, and blue logo is synonymous with pop culture and modern Americana.PRICEThe brand has myriad options including shirts, dresses, and bed linens. Prices range from $12 to $690.DESCRIPTIONOn May 19, PVH reopened 180 stores across all of its brands in North America alongside more than 1,400 around the world. A range of protocols were introduced, including required mask-wearing, increased cleaning, closed fitting rooms, and 90-day returns.WHAT’S THE GOOD?One of the big questions coming out of the Covid-19 crisis is how the fashion business is going to embrace sustainability. Beyond a response to consumer demand, some experts see this as a restart for an industry full of some of the world’s worst pollutants.For a brand of its size, Tommy Hilfiger’s commitment to implementing a circular business model, a key component of sustainable fashion, is significant.“We’re innovating and exploring reuse and upcycling programs that will enable consumers to access our products in new ways,” Grieder says. “Now, more than ever, we share a responsibility to find solutions that will preserve our world’s resources and encourage inclusivity.”In 2018, 70% of the cotton the brand used globally came from “more sustainable sources,” up from 13% in 2015. The company will update progress on that goal in their corporate responsibility report, which will be released in late June.On April 15, PVH announced a total commitment of more than $2 million toward coronavirus relief efforts. On May 19, the company also announced the acquisition of more than 16 million units of protective medical supplies for healthcare workers and company associates around the world.WHAT’S NEXTGrieder sees the power of omnichannel retail as the next big development.“Wholesale, retail, and e-commerce are part of one global consumer ecosystem that are at their most powerful when they all come together,” he says. “We’ve been working even faster to further sync them up in order to meet the evolving needs of our consumers.”The brand will continue to implement technology and strategies to push toward the circularity goal, while furthering investment in e-commerce as the future of physical retail remains unclear."
6,PVH,2020-03-27,"InvestingWomen in FinanceAileen LeeByEric SavitzMarch 27, 2020 9:00 am ETOrder ReprintsPrint ArticleText sizeAileen Lee is founding partner at Cowboy Ventures, a Palo Alto, Calif.-based firm that invests in seed-stage enterprise and consumer tech businesses. Successful exits include Accompany, acquired byCisco(ticker: CSCO); Dollar Shave Club, acquired byUnilever(ULVR.LN); and True & Co., acquired by Calvin Klein parentPVH(PVH), among others.Lee started Cowboy in 2012, after a 13-year run at Kleiner Perkins Caufield & Byers. At Kleiner, she worked with companies like Bloom Energy, Blue Nile, One Kings Lane, and Rent the Runway, among others. She previously held operating rules at Gap, The North Face and Odwalla. A first-generation American who grew up in Staten Island and northern New Jersey, Lee has an undergraduate degree from MIT and an MBA from Harvard. She’s co-founder of All Raise, a non-profit focused on accelerating success for women in tech.100 Most Influential Women in U.S. FinanceHowBarron’sChose the Most Influential WomenWhat’s Next for Women in FinanceSee the Full ListIn a 2013 blog post, Lee coined the term “unicorn” to refer to privately held companies with more than $1 billion in assets. In that piece, Lee writes that she found 39 tech companies that were under 10 years old, with a public or private valuation north of $1 billion, asserting that the odds of creating one were extremely long, “somewhere between catching a foul ball at an MLB game and being struck by lightning in one’s lifetime. Or, more than 100x harder than getting into Stanford.” But it seems to be getting easier–the research firm CB Insights now counts more than 400 unicorns, not including public companies. Looks like they’re off the endangered species list.Email:editors@barrons.com"
7,PVH,2020-01-24,"ConsumerSector FocusRetail M&A Should Heat Up. Here’s What That Could Mean for These 5 Companies.ByLisa BeilfussJan. 24, 2020 1:01 pm ETOrder ReprintsPrint ArticleText sizePhotograph by Victor XokDeal-making is going to be hotter this year than last, when $4.1 billion in deal volume represented the fourth-highest level since 1995,Citigroupsays.That call makes sense when you consider favorable financing markets and how much cash companies have to put to work, not to mention strong equity markets that make it easier to use shares as currency.Citi retail analystPaul Lejueznotes that M&A activity within the consumer sector hasn’t been as strong as the market overall, in whichglobal deal volume has increasedThe M&A Boom Has Created One Big Risk for CompaniesA report from Moody’s says that over 75% of industries have become more concentrated since the late 1990s.Continue readingnearly 50% over the past six years versus the prior six-year period. One exception:the $16.2 billion dealInvestors are Popping the Champagne as LVMH Puts a $16.2 Billion Ring on TiffanyLuxury-goods conglomerate LVMH Moët Hennessy Louis Vuitton has finally gotten a deal done for Tiffany & Co. Shares of both companies are climbingContinue readingstruck in November betweenLVMH Moët Hennessy Louis Vuitton(ticker: MC.France) andTiffany(TIF).But retailers might catch a better break this year, especially if overall merger activity rises, Lejuez says. One factor that sets the sector apart is that private equity and the apparel sector don’t mix well, meaning private equity will continue to play a limited role in the space. The upshot: There are potentially more plays for investors betting on retail consolidation.To that point, Lejuez came up with the following list of potential hunters and targets:PVH(ticker: PVH), HunterLejuez reminds investors that PVH has made several acquisitions over the past decade, including Tommy Hilfiger in 2010 and Warnanco in 2013. More telling, PVH CEO Manny Chirico has been blunt about PVH’s appetite for another deal.“I think, look, over the next 12 to 24 months, I think the retail sector and the retail power sector is going to have consolidation,” Chirico said on the company’s third-quarter earnings call. “We have a very strong balance sheet which can give us the ability to do a transaction, and we’ll really be looking forward to doing that,” he said.Newsletter Sign-upReview & PreviewEvery weekday evening we highlight the consequential market news of the day and explain what's likely to matter tomorrow.PREVIEWSUBSCRIBEIn terms of potential targets for PVH, Lejuez highlightsTapestry(TPR) andCapri Holdings(CPRI), which would allow the company to diversify into accessories. A purchase of the former would be much bigger than the company’s prior transactions, Lujuez says, adding that PVH might look at something “a little more bite-sized” within Tapestry, such as the struggling Kate Spade brand that Tapestry acquired in 2018.Similarly, Lejuez thinks PVH might prefer to lift out a piece of Capri—like the Michael Kors brand—rather than buy the company outright.V.F.Corp.(VFC), HunterLike PVH, V.F. has been acquisitive in the past and has been open about their desire to continue doing deals, Lejuez says.VFC has a strong balance sheet, enhanced by the $1 billion dividend it received from the spinoff of its Kontoor jeans unit, Lejuez says. The company recently said it may sell additional brands that together generate about $865 million in annual sales, which would generate additional cash that could be used for an acquisition.While its most recent purchases—Icebreaker in 2018 and Williamson-Dickie in 2017—were both less than $1 billion, Citi doesn’t think that means V.F. wouldn’t make a bigger acquisition if it found the right opportunity. “If they want to go big, they can go big,” Lejuez says.Athletic-focused brands like privately owned Sweaty Betty orDeckers Outdoor(DECK) could be attractive targets for V.F., Lejuez says, with the latter owning the fast-growingHoka athletic footwear brandUggs Maker Deckers May Have Run Its CourseTigress Financial downgraded Deckers, maker of Ugg boots, arguing that the shares look fully valued.Continue reading.L Brands(LB), TargetHere Lejuez is talking specifically about L Brands’ Victoria’s Secret unit. Given the company has around $3.7 billion of net debt on its balance sheet andhas struggled to turn around the unitL Brands Should Split Up, Activist Says. Will What Worked for Gap Work for Its Stock?An activist investor wants the Victoria’s Secret parent to spin off its Bath & Body Works unit. That is what the Gap says it will do with Old Navy.Continue reading, he thinks it could make sense for it to sell Victoria’s Secret and focus on its stronger Bath & Body Works business.PVH is one possible Victoria’s Secret buyer, Lejuez says, given the company already has a presence in the space with its Calvin Klein line.Abercrombie & Fitch(ANF), TargetThis one is an attractive target because it’s just too cheap, Lejuez says, arguing thatAmazon.com(AMZN) should take a look. That would give the e-retailer two young-adult brands (A&F and Hollister) with around $3.6 billion in annual sales, in addition to infrastructure in apparel design and sourcing and merchandise on a global scale.Lejuez also sees fellow young-adult retailerAmerican Eagle Outfitters(AEO) as a possible buyer.Oxford Industries(OXM), TargetOxford owns two relatively strong niche brands, Tommy Bahama and Lilly Pulitzer, Lejuez says, and the company has done a good job managing them and keeping them from becoming overdistributed. That could attract a buyer with greater scale looking to expand the lines globally, Lejuez says, as nearly all of the company’s sales are in the U.S.Write toLisa Beilfuss atlisa.beilfuss@barrons.com"
8,PVH,2019-11-27,"MarketsIntraday UpdateDeere Stock Is Sliding, Autodesk Soars, as the Dow Holds Its GroundByBen WalshNov. 27, 2019 12:45 pm ETOrder ReprintsPrint ArticleText sizeIllustration by Michael George HaddadBobbing Along.Thethree major U.S. stock market indexesU.S. Stocks Set to Open Higher, but These Stocks Are FallingGlobal stock markets are in the green on Thanksgiving eve, but there is some red for investors to watch out for. Weaker than expected guidance from Dell and Deere are sending those shares lower. 5G equipment maker Keysight guidence, however, didn’t disappoint.Continue readingtraded about flat, near record levels,as investors remained optimisticDon’t Expect the Next Round of Tariffs on ChinaTrade watchers expect the Trump administration to suspend—or delay—a tranche of tariffs set for Dec. 15, though an interim agreement may not be made final until next year.Continue readingabout trade talks between the U.S. and China.TheDow Jones Industrial Averagewas down 5 points, or less than 0.1%. TheS&P 500was up 0.3% and theNasdaq Compositegained 0.5%.Midday MoversUnder Armour(ticker: UAA) gained 4.8% afterRaymond Jamesupgraded the athletic-clothing brand from Outperform to Strong Buy.Autodesk(ADSK) rose 4.5%. The software company reported better-than-expected earnings and revenue for the third quarter.Deere(DE) lost 5.2%. Management gave disappointing guidance for next year, citing the trade war.PVH(PVH) dropped 2.9% even though it reported earnings and revenue that were higher than Wall Street expected. PVH owns clothing brands such as Calvin Klein and Tommy Hilfiger.CME Group(CME) fell 2% after Deutsche Bank maintained its Buy rating but cut its price target on stock in the exchange operator.Write toBen Walsh atben.walsh@barrons.com"
9,PVH,2019-09-09,"ConsumerInside ScoopCalvin Klein Parent PVH Is Slumping, but CEO Manny Chirico Bought Up StockByEd LinUpdated September 9, 2019 / Original September 6, 2019Order ReprintsPrint ArticleText sizePVH Chairman and CEO Manny ChiricoPhotograph by Daniel Acker/BloombergShares of apparel companyPVH,owner of brands including Calvin Klein and Tommy Hilfiger, have been losing their shirt, but Chairman and CEO Emanuel “Manny” Chirico has been buying up stock.PVH stock (ticker: PVH) crumbled 32.3% in 2018, and through Friday’s close it has lost an additional 8.1% this year. TheS&P 500,by comparison, slipped only 7.2% in 2018, and this year sports a 18.8% gain.In July, Goldman Sachsdowngraded PVH stock to Sell3 Stocks to Sell in Apparel Retailing, According to Goldman SachsShares of Levi Strauss, PVH Corp., and Ralph Lauren fell as Goldman Sachs downgraded the trio.Continue readingfrom Neutral, citing challenges for the Calvin Klein brand and slowing growth at Tommy Hilfiger.On Aug. 15, PVH stock slipped to an intraday low of $67.41; shares haven’t traded at that level since January 2016.On Aug. 28, PVH reported astronger-than-expected second quarterThe Dow Rises 350 Points Because China Raised Hopes About the Trade WarThe three major U.S. stock market indexes rose after Beijing said that it wouldn’t retaliate against the latest tariff increases and that further escalation of the trade war wouldn’t help the U.S., China, or the global economy.Continue readingbut lowered its forecasts.Credit Suissesaid PVH “did the right thing” by lowering guidance in the face of an “increasingly volatile macro.” AnalystMichael Binettireiterated an Outperform rating and raised the target price to $105 from $97.CEO Chirico bought more PVH stock days after the second-quarter report, paying $10 million on Sept. 3 for 133,155 shares, an average per-share price of $74.99. He now owns 417,351 shares in a personal account, including 46,694 shares subject to awards of restricted stock units, and 9,427 more shares through a 401(k) account,according to a form Chirico filedwith the Securities and Exchange Commission.Chirico’s purchase is the largest in terms of value and share volume since at least 2002, according to S&P Capital IQ.In a statement provided via email toBarron’s, Chirico said, “My purchase of PVH stock underscores my strong conviction in the underlying value of our stock, which the financial markets are not currently reflecting. Specifically, I believe the power of PVH’s diversified business model, the strength of our brands and the various growth opportunities present a compelling proposition. With our two greatest assets—our brands and our people—I have great confidence that PVH is well-positioned to deliver a long-term, sustainable trajectory of growth for our stockholders.”It is the CEO’s first open-market purchase of PVH stock this year. Chirico last bought shares on Dec. 14, 2018, when he paid $955,000 for 10,000 PVH shares, an average per-share price of $95.51.Inside Scoop is a regular Barron’s feature covering stock transactions by corporate executives and board members—so-called insiders—as well as large shareholders, politicians, and other prominent figures. Due to their insider status, these investors are required to disclose stock trades with the Securities and Exchange Commission or other regulatory groups.Write toEd Linatedward.lin@barrons.comand follow@BarronsEdLin."
10,PVH,2019-09-04,"MarketsIntraday UpdateThe Dow Is Up 200 Points Because There Are Flashes of Optimism OverseasByBen WalshSept. 4, 2019 12:50 pm ETOrder ReprintsPrint ArticleText sizeIllustration by Michael George HaddadBounce Back. The three major U.S. stock market indexes rose as Hong Kong said it would withdraw the extradition bill that had sparked protests and the U.K. Parliament took a step toward avoiding a no-deal Brexit.TheDow Jones Industrial Averagegained 200 points, or 0.8%. TheS&P 500was up 0.9% and theNasdaq Compositeclimbed 1%.Midday MoversPVH(ticker: PVH) gained 7.8% after the company’s chairman and CEO disclosed that he purchased about $10 million worth of the beaten-down shares of the clothing company.Western Digital(WDC) rose 5% andMicron(MU) was up 4.9% afterMizuhoraised it price target for both stocks because it said checks indicated positive memory-chip pricing trends.Tyson Foods(TSN) fell 5.8% after the poultry and meatpacking company cut its full-year guidance.Fortive(FTV) dropped 4.1% after the industrials company said it would split into two publicly traded companies.Write toBen Walsh atben.walsh@barrons.com"
11,PVH,2019-08-23,"ConsumerSector Focus6 Other Stocks at Risk After Weak Department-Store EarningsByTeresa RivasAug. 23, 2019 11:57 am ETOrder ReprintsPrint ArticlePhotograph by Dieter de VroomenText sizeIt was another largely downbeat earnings season for department stores, butCitigroupwarns that those aren’t the only stocks that suffer from this ongoing trend.The back story. There were of course a fewbright spots in retailRetailers Just Had a Great Week. Here’s What Comes Next.Retailers entered earnings season with the usual fears about e-commerce and shifting consumer behavior, complicated by tariffs and a potentially peaking economy. One quarter of results won’t change the narrative, but the latest numbers are having a big impact.Continue reading, but by and large it’s been a tough earnings season for the sector.Macy’s(M)plunged after its big missMacy’s Stock Plummets to Near Ten-Year Lows After Massive Earnings MissMacy’s stock has fallen sharply after the department store chain reported miserable second quarter earnings, painting an even bleaker picture for sector.Continue reading,weighing on the sectorMacy’s Is Dragging Retail Stocks Lower as Worries About Trade and a Recession LoomDisappointing results from Macy’s reignited fresh worries about the health of much of the sector with legacy brands still trying to find their footing in the new retail landscape.Continue readingas a whole, andKohl’s(KSS) also sawa post-earnings slumpKohl’s Stock Falls on Sales Miss Despite Earnings BeatKohl’s continued to defy the department store gloom as its second quarter earnings beat expectations.Continue reading. Department stores that didgain on their reportsJ.C. Penney Stock Is Popping Because Secondhand Clothing Might be the FutureThe retailer announced that 30 stores will offer secondhand women’s clothing and accessories via a partnership with consignment firm threadUP.Continue readingincludedJ.C. Penney(JCP), which has lost some 45% this year and trades for well under $1, and Nordstrom (JWN) which benefitted when its quarter wasless bad than fearedNordstrom Stock Is Soaring After Earnings Topped Low ExpectationsNordstrom said it earned 90 cents a share on revenue of $3.87 billion, while analysts were looking for EPS of 77 cents on revenue of $3.92 billion. Some 91% of analysts lowered their EPS estimates following the May quarter, and more than 70% took their expectations even lower in both June and July.Continue reading. Even the off-price group, a longtime favorite that sidestepped many of the industry’s woes, had somelackluster showingsTJX Stock Is Slipping Because Discount Retail Isn’t Safe, AnymoreTJX stock is falling on Tuesday morning, following the discount retailer’s disappointing second-quarter earnings report and guidance.Continue reading.What’s new. On Friday, Citi analystPaul Lejueznotes that many retailers and vendors were quick to highlight weak performance in both the department store and factory outlet channels in the second quarter. This of course shouldn’t be much of a surprise as department stores have been some of the longest suffering and hardest hit in the retail group, yet “second-quarter results in this channel still fell short for many,” and the fact that they did so at a time when consumers are strong “underscores that the pressure in this channel is structural.” He warns that weakness at both department stores and factory outlets is likely to continue.Looking ahead. Lejuez takes a look at which stocks could be most at risk.PVHCorp.(PVH), Ralph Lauren (RL),Levi Strauss& Co. (LEVI), andColumbia Sportswear(COLM) have the highest department-store exposure, whileTapestry(TPR), PVH, Ralph Lauren, and Under Armour (UAA) have the most exposure to factory outlets, he writes.PVH, Ralph Lauren, Tapestry, and Levi Strauss have the biggest combined exposure to department stores and outlets. He notes that PVH and Ralph Lauren have tried to reduce their exposure to department stores, with PVH selling more brands onAmazon.com(AMZN) and Ralph Lauren reducing door count by 25%, but they haven’t done much to reduce their exposure to the factory-outlet channel. “We believe that both of these channels will continue to weigh on results,” Lejuez says. Tapestry’s high exposure looks likely to pressure margins in the future, and may “put brand cache at risk for both Coach and Kate Spade.” By contrast, he notes that while department-store weakness has hurt Levi Strauss, “it continues to perform well in its DTC segment, highlighting its brand strength.”TheSPDR S&P Retail ETF(XRT) was down 3.1% to $38.84 in recent trading.Write toTeresa Rivas atteresa.rivas@barrons.com"
12,PVH,2019-07-17,"ConsumerSector Focus3 Stocks to Sell in Apparel Retailing, According to Goldman SachsByTeresa RivasJuly 17, 2019 11:55 am ETOrder ReprintsPrint ArticleUncreditedText sizeShares ofLevi Strauss,PVHCorp., andRalph Laurenfell asGoldman Sachsdowngraded the trio to Sell, warning of more headwinds for the apparel retailers.The back story. Levi Strauss (ticker: LEVI) made its debut this year in a $6.2 billioninitial public offeringPodcast: A $6.2 Billion IPO For Levi Strauss, and Two Other Numbers You Need to KnowGet the market numbers you need to start your day with Barron’s audio news briefing.Continue readingand the stock rose following itsfirst post-IPO earnings reportLevi Stock Is Surging Because Its First Earnings Were SolidCEO Chip Bergh highlights the company’s strategy to beyond its core men’s jeans business and into new geographic regions.Continue reading. Its mostrecent resultsLevi’s Stock Is Dropping Even Though Earnings Were Higher Than ExpectedGross margins for the apparel company were lower than Wall Street anticipated.Continue reading, delivered last week, weren’t greeted as warmly. The shares are now not too far above their $17 offering price.PVH (PVH) has fallen 3.7% since the start of the year. Although it began 2019 with arobust forecastUrban Outfitters, Gap and 7 More Stocks Making Friday Morning MovesActivision and PG&E were also in play.Continue readingand deliveredupbeat earningsLululemon Stock Gains, Nielsen Falls, and 3 Other Stocks to Watch ThursdayLululemon Athletica, Five Below, and PVH Corp. stock all saw gains after reporting fourth-quarter earnings Thursday morning.Continue readingin March,concerns about the trade warThe Biggest Losers in the Trade War Might Not Be the U.S. or ChinaSettle in for a long trade war. That’s the message more Wall Street strategists are signalling as the conflict expands. Who stands to lose the most in a protracted trade war? It may not be the U.S. or China.Continue readinghave dogged the stock.Ralph Lauren (RL) is up 7.3% in 2019. Despitedividend increasesRalph Lauren and 3 Other Stocks With Recent Dividend IncreasesThe fashion retailer’s shares sold off sharply Tuesday morning despite a 10% dividend increase announced before the opening bell.Continue readingand some upgrades by analysts, the shares have been a focus forworry about the impact of tariffs5 Retail Stocks That Could Get Hit by TariffsAlthough the market was tiptoeing back ahead, recent selloffs show that investors are clearly nervous about the implications of a trade war. When it comes to retail, those concerns look valid, Cowen & Co. argues.Continue reading. Some insiders have beensellingRalph Lauren’s Children Sold More Stock, While the CEO of Guess Is Buying That StockRalph Lauren’s children continue to sell stock in the company founded by their father, while Guess stock is being snapped up by that company’s new CEO.Continue reading.What’s new. On Wednesday, Goldman Sachs analystAlexandra Walviscut her ratings on Levi Strauss, PVH, and Ralph Lauren to Sell from Neutral, with price targets of $19, $82, and $103, respectively. The move came as Walvis took a broader look at apparel retailers.Ralph Lauren declined to comment, citing a quiet period. It is scheduled to report its earnings on July 30. The other companies didn’t immediately respond to requests for comment.Walvis said she expects headwinds for wholesale-led brands—those that sell their clothes to a range of retailers—to intensify in the second half of the year. “The combination of persistently tough first half of 2019 retail trends and an optimistic spring ordering season has driven inventory overhangs at several multibrand retailers,” she said. That could lead to trouble in the back-to-school shopping season, especially for brands that sell lots of their clothes via department stores.“While brands that have been investing in building strong direct-to-consumer omnichannel commerce are likely to be more insulated, we take a more cautious view on nonathletic apparel brands whose direct-to-consumer businesses are skewed towards outlet stores, particularly given challenged traffic trends in these locations,” she said.Looking ahead. Walvis argued that despite the buzz regarding Levi Strauss’s IPO, and momentum that has supported growth for the brand, its latest results show it isn’t immune from the issues that have hurt its peers. Margins remain a show-me story as well, she said.In the case of PVH, she sees challenges for the Calvin Klein brand and slowing growth at Tommy Hilfiger, given its dependence on outlets, saying it hasn’t invested enough in full-price, direct-to-consumer sales channels.At Ralph Lauren, headwinds in the wholesale market don’t appear to be easing, she writes, while same-store sales at retail shops are languishing.Levi Strauss stock was off 5.7% to $18.67 this morning, while PVH was down 3.2% to $89.50. Ralph Lauren had fallen 3.8% to $110.81.Write toTeresa Rivas atteresa.rivas@barrons.com"
13,PVH,2019-05-31,"ConsumerFeatureThe Retail Stocks That Could Still Win — Despite the Retail SlumpByAvi SalzmanMay 31, 2019 11:12 am ETOrder ReprintsPrint ArticlePhotograph by Parker BurchfieldText sizeRetail stocks ought to be soaring. U.S. consumers are optimistic and unemployment is just 3.6%. Even as a slowing global economy hurts sectors like manufacturing and auto sales, consumption remains a bright spot inthe U.S. economyThe U.S. Economy Grew 3.1% in the First QuarterThat’s slightly slower than an earlier estimate but better than Wall Street’s expectations.Continue reading.But retailers are struggling anyway, and most of their stocks have been an abject disaster during the latest earnings season. Department stores fell across the board earlier this month, and the latest numbers from specialty retailers have been similarly dismal. Gap stock (GPS) was down 12% on Friday morning asits sales at stores open at least a year fell 4%Gap Stock Is Plunging Afterhours Because Earnings and Guidance Were Double DisappointmentsShares of the apparel retailer were down 10% in afterhours trading after Gap disappointed with the fiscal-first-quarter report, and cut earnings projections.Continue readingin the first quarter.PVH(PVH), owner of Calvin Klein, Tommy Hilfiger and other brands, tumbled 15% on Thursday. Dick’s Sporting Goods (DKS) fell 5.9% on Wednesday, asAbercrombie & Fitch(ANF)plunged 26%Abercrombie & Fitch Stock Tumbles on Earnings Outlook. Some Blame Hollister.The retailer’s stock has fallen 25% on weaker-than-expected growth forecasts.Continue reading. Abercrombie dropped another 4.8% on Thursday too.“It’s brutal,” said Cowen analyst John Kernan in an interview. “A lot of these stocks were at all-time highs a month ago, but the majority of the sector is sick financially. They have little ability to grow free cash flow in the U.S. Most of them deserve very low multiples and we’re starting to adjust to that.”How low? ConsiderFoot Locker,which fell 17% last Friday. It’s trading at 8 times its expected earnings over the next 12 months. In the past five years, it’s had an average valuation closer to 13 times earnings.Kernan sees little reason for optimism with most retailers, including department stores and clothing companies like PVH that may have well-known brands but are still selling their inventory too slowly. Comparable store sales fell in North America for the Hilfiger and Calvin Klein brands. PVH blamed its performance on bad weather, along with “weaker international tourist traffic” and “higher tax bills for many U.S. consumers.” External factors like those are only going to get worse. The University of Michigan’s consumer confidence survey released Friday showed shoppers remain confident but are starting to worry about tariffs, which will likely force retailers to raise prices soon.Kernan thinks that a larger wave will crash in the coming months. He says there are about 1,150 malls left in the U.S., and he thinks 350 lower-quality malls will “disappear.” Traffic may have been weak in the first quarter, but it’s only gotten worse since. Cowen tracks store traffic in real time using various methods, including working with a company that gathers data from store cameras. In May, traffic is down in the high single-digits year over year, a dropoff from earlier in the year.So who will survive? Amazon (AMZN), of course, is taking market share from brick and mortar retail and its sales are bound to rise. But it’s not just e-commerce that will win out. Other retailers with specific niches, or that have shown a history of innovation, should also do well, Kernan argues. “We are very selective in what we are recommending,” Kernan said. “There are two stories right now in retail. Discount value-driven retail or innovation growth-driven retail. All the mid-tier businesses are getting disrupted at an increasingly rapid rate and it will continue. It’s only going to get worse.”Most of the “winners” are trading near 20 times expected earnings, while the “losers” have slipped to single digit valuations.The innovation-driven retailers that could still outperform includeNike(NKE),Adidas(ADDYY),VFCorp.(VFC) andLululemon(LULU), Kernan says.Discounters have also shown promise. That’s clear from the latest earnings atDollar Tree(DLTR) andDollar General(DG), both of whichrose on Thursday after posting impressive earnings reportsDollar Tree and Dollar General See Stocks Rise on Strong EarningsBoth chain stores have managed to beat retail headwinds this quarter.Continue reading.TJX(TJX), owner of TJ Maxx stores, has thrived too. And big box stores with a value proposition likeTarget(TGT) andWal-Mart(WMT) are ascendant.Costco(COST), which slipped 1.8% on Friday morningafter reporting earnings late ThursdayCostco Stock Is Sliding Because Good Earnings Weren’t Good EnoughCostco earned $2.05 a share on sales of $34.74 billion, topping analyst forecasts for earnings of $1.83 on revenue of $34.7 billion.Continue reading, is still firmly in the winners column. The stock is up 18% this year.Discount stores can profit off of the woes of the full-price retailers. “Inventory is moving far too slow across the entire department store ecosystem,” Kernan says. “These are businesses that are buying 9 months in advance, they’re committing to inventory when they don’t even know what demand is going to be. So when they can’t move the inventory, they have to resort to aggressive markdowns. The winners in this cycle are the off-price retailers who will take the inventory off their hands.”The off-pricers are able to turn inventory about six times a year, versus 2.5 to 3 times for more traditional retailers, Kernan says.Trip Miller, managing partner of Gullane Capital Partners, a Memphis-based hedge fund, owns Dollar General. “They have a differentiated business model that’s recession-resistant and Amazon-resistant,” he said. “I think that gives them an edge.”"
14,PVH,2019-05-30,"MarketsMorning MoversBeyond Meat Stock Jumps as the Dow Inches HigherBySophia CaiMay 30, 2019 9:27 am ETOrder ReprintsPrint ArticleIllustration by Michael George HaddadText sizeAfter a rough start to the week, the stock market is catching a bit of a break.Futures on the S&P 500 were up 0.2% and the Dow Jones Industrial Average was up 0.1%, while futures on the Nasdaq Composite Index were 0.4% higher.Tension over trade remains a drag on the market, but investors did get moderately reassuring news on Thursday. The Commerce Department said the U.S. economy grew at a revised annual rate of 3.1% in the first quarter, down from the 3.2% it reported earlier, but still above the 3.0% growth investors had expected.Trade tensions continue. Bloomberg reported that China has putpurchases of U.S. soybeanson hold, and uncertainty remains over whether Beijing will limit Western access to rare-earth metals.Here are five stocks making moves this morning.Dollar General(DG) was up 5.1% to $5.99 after beating earnings estimates and reaffirming its financial forecasts for its 2020 fiscal year..Dollar Tree(DLTR) was down 3.7% to $91.79 despite turning in results and offering forecasts that were in line with expectations.PVH(PVH) was down 11.4% to $87.90. The company, which owns brands such as Van Heusen and Calvin Klein, issued downbeat forecasts for the current quarter and fiscal 2020. Management said the environment for retailers was challenging both in the U.S. and China, and that moves in foreign-exchange markets are an additional headwind.Veeva Systems(VEEV) was up 7.4% to $144.38 after reporting better-than-expected sales and earnings. It offered upbeat guidance.Beyond Meat (BYND) was up 7.1% to $102.50 afterMcDonald’s(MCD) CEO Steve Easterbrook said on national television that he is open to adding plant-based alternatives to the menu. He didn’t mentionBeyond Meatby name.Write toSophia Cai atSophia.Cai@dowjones.com"
15,PVH,2019-03-28,"MarketsMorning MoversLululemon Stock Gains, Nielsen Falls, and 3 Other Stocks to Watch ThursdayByTeresa RivasMarch 28, 2019 9:07 am ETOrder ReprintsPrint ArticleMichael George HaddadText sizeOn Edge.Stocks are hanging around the break-even line on Thursday, with Dow Jones Industrial Average and S&P 500 futures off just 0.1%, and the Nasdaq Composite down 0.2%, afterWednesday’s declineThe Dow Loses 212 Points Because Global Growth Worries Are BackGlobal growth worries were back in the spotlight as investors nervously eye the yield curve.Continue reading. Overseas stocks were largely falling as well, as investors continued toweigh the threatof slowing global growth.Here are five stocks making moves this morning:Cheniere Energystock (ticker: LNG) is up 0.9% to $67 afterGoldman Sachsadded it to the firm’s Conviction Buy List.Five Below(FIVE) is up 5.8% to $127 after reportingfourth-quarter earnings. The discounter earned $1.58 a share on revenue of $602.68 million. Analysts were looking for earnings per share of $1.58 on revenue of $601.53 million. For the full year, it sees EPS of $3 to $3.07, compared with the $3.14 consensus estimate.Lululemon Athletica stock (LULU) is up 13.8% to $166.99 after reportingfourth-quarter earnings. The yoga-centric athletic apparel retailer earned $1.85 a share on revenue of $1.17 billion. Analysts were looking for EPS of $1.75 on revenue of $1.15 billion. For the full year, the company sees EPS of $4.48 to $4.55, compared with the $4.40 consensus estimate. It also authorized a $500 million share repurchase program.Newsletter Sign-upReview & PreviewEvery weekday evening we highlight the consequential market news of the day and explain what's likely to matter tomorrow.PREVIEWSUBSCRIBENielsen(NLSN) is down 8.2% to $24.45 after the New York Post reported thatBlackstone(BX) isdropping its bidfor the firm.PVHCorp.(PVH) is up 11.5% to $123.65 after reportingfourth-quarter earnings. The apparel maker earned $1.84 a share on revenue of $2.48 billion. Analysts were looking for EPS of $1.76 on revenue of $2.41 billion. For the full year, it sees EPS of $10.30 to $10.40, compared with the $10.33 consensus estimate.Write toTeresa Rivas atteresa.rivas@barrons.com"
16,PVH,2019-03-24,"PreviewApple Event, Consumer Confidence, Final 4Q GDP, and Other Events for Investors to Watch This WeekMarch 24, 2019 2:00 pm ETOrder ReprintsPrint ArticleText sizeRed Hat kicks off this week’s earnings Monday evening with what will likely be one of its last earnings reports.IBM’sacquisition of the open source software maker is set to close later this year, pending regulatory approval. Cruise operator Carnival and food company McCormick & Co. both release earnings on Tuesday, followed by home-builder Lennar and clothing companies PVH and Lululemon Athletica on Wednesday. Finally, consulting and professional services firm Accenture reports on Thursday and used-car retailer CarMax reports on Friday.Also on Monday, Apple is hosting a media event at its headquarters in Cupertino, California. The company is expected to announce a pair of new subscription services: a streaming video package and a news bundle.On the economic data front, the Conference Board’s consumer confidence index for March will be published on Tuesday. Economists expect a reading in line with last month’s. Final fourth quarter U.S. GDP data comes out on Thursday, and is expected to be revised down slightly, to a 2.5% growth rate. On Friday, personal income and outlays data for February will give insight into consumer earning and spending—the largest drivers of the U.S. economy.--Nicholas JasinskiMonday 25Red Hatreports  quarterly results.Dominion Energyhosts its 2019 Investor Day Meetings and will update shareholders about its ESG initiatives.The Federal Reserve Bank of Chicago releases its Chicago Fed National Activity Index for February. Economists forecast a -0.22 reading, ahead of January -0.43. This would be the index’s first consecutive negative monthly readings since the summer of 2017. A negative reading suggests the economy is growing below historical trends.Tuesday 26Cronos Group,IHS Markit,KB Home,andMcCormickrelease earnings.The Federal Housing Finance Agency releases its U.S. House Price Index for January. The market expects a 0.4% increase, following December’s 0.3% gain. The index is calculated using home sales price information from mortgages sold to, or guaranteed by, Fannie Mae and Freddie Mac.The Census Bureau reports new residential construction data for February. Consensus estimates are for a seasonally adjusted annual rate of 1.25 million housing starts and 1.31 million building permits. Both are roughly even with January’s readings.The Conference Board releases its Consumer Confidence Index for March. Expectations are for a 131.8 reading, even with February.S&P CoreLogic releases its Case-Shiller 20-City Composite Home Price Index for January. Home prices are seen rising 0.3% after gaining 0.2% in December.Wednesday 27At Home Group,Lennar,lululemon athletica,Paychex,andPVHreport quarterly results.Sempra Energyholds its 2019 investor day in San Diego.The Census Bureau reports the U.S. international trade balance in goods and services for January. Economists forecast a $57.5 billion shortfall for the month. Last year, the trade deficit hit a 10-year high of $621 billion.Thursday 28Accenturehosts a conference call to discuss earnings.Mosaicholds its 2019 analyst day in Tampa, Fla.The National Association of Realtors releases its Pending Home Sales Index for February. Consensus estimates are for a 0.5% rise after a 4.6% jump in January.The Bureau of Economic Analysis reports its final revision for fourth quarter GDP, which initially came in at 2.6%. Economists surveyed by Bloomberg expect last quarter’s GDP to be revised downward to 2.5%.Friday 29BlackBerryandCarMaxreport quarterly results.The Census Bureau reports new-home sales data for February. Expectations are for a 625,000 seasonally adjusted annual rate, above January’s 607,000.The Institute for Supply Management releases its Chicago Purchasing Managers Index for March. Economists forecast a 61.7 reading, down from February’s 64.7.BEA reports personal income data for February. Personal income is seen rising 0.3% after falling 0.1% in January.Week's HighlightMonday 25Apple holds a media event in Cupertino, Calif. The giant tech company is expected to unveil a new streaming TV service as well as a subscription news service.--Robert Teitelmanand and Dan LamEmail:editors@barrons.com"
