,Company,Datetime,Content
0,BAX,2021-05-08,"DividendsPepsiCo, Cardinal Health, and 3 Other Companies That Raised Their Dividends This WeekByLawrence C. StraussMay 8, 2021 7:30 am ETOrder ReprintsPrint ArticleText sizePepsiCo raised its quarterly dividend  by 5%.Joe Raedle/Getty ImagesPepsiCo,Cardinal Health,andBaxterwere among the large companies that declared dividend increases this week.PepsiCo (ticker: PEP) plans to pay a quarterly disbursement of $1.075 cents a share, up 5% from $1.0225.Thebeverage and snackPepsi Gains a New BullUBS analyst Sean King thinks the snack and beverage giant’s recent investments will ultimately deliver higher-than-expected growth.Continue readingcompany’s stock, which yields 3%, had returned about minus 1% year to date as of Thursday’s close. That includes dividends.Prescription drug distributor Cardinal Health (CAH) declared a quarterly dividend of 49.08 cents a share, versus 48.59, for a 1% increase. The stock, which has returned about 6% this year, yields 3.3%.Shipping and logistics companyExpeditors International of Washington(EXPD) said it will raise its semiannual cash dividend to 58 cents a share from 52 cents. That’s an increase of nearly 12%.The stock yields about 1%, and it has returned around 22% so far this year.Medical products company Baxter International (BAX) declared a quarterly dividend of 28 cents a share, up about 14% from 24.5 cents. The stock, which yields 1.3%, has returned 9% in 2021.Leggett & Platt(LEG), which makes furniture and various other products such as bedding and flooring, plans to hike its quarterly dividend by 5% to 42 cents a share from 40 cents.The stock, which has returned about 30% this year, yields 2.9%.Write toeditors@barrons.com"
1,BAX,2021-02-23,"LIVEBiden Marks ‘Heartbreaking Milestone’ of More Than 500,000 U.S. Coronavirus DeathsBy Janet H. ChoFeb. 23, 2021 10:14 am ETOrder ReprintsPrint ArticlePresident Joe Biden, first lady Jill Biden, Vice President Kamala Harris and husband Doug Emhoff participate in a moment of silence.Alex Wong/Getty ImagesText sizeHere’s what you need to know to navigate the markets today.•President 
Joe Biden
 on Monday marked the“grim, heartbreaking milestone,”of 500,071 U.S. deaths from the coronavirus.“That’s more lives lost to this virus than any other nation on Earth,” he said at a White House ceremony. He urged Americans to stay vigilant, “stay socially distanced, to mask up, get vaccinated when it’s your turn,” and fight this together. More than 19.4 million people have been fully vaccinated, but that’s only 6% of the population,according to Johns Hopkins University.Meanwhile, drugmakersSanofi SAandNovartishave each agreed to help make morePfizer–BioNTechvaccines, whileBaxter InternationalandEndo Internationalwill helpNovavaxproduce its vaccine, according toThe Wall Street Journal.•The Senate Homeland Security and Rules committeeswill hear from three former top security officialsas well as the current head of D.C.’s Metropolitan Police Department at a joint hearing on Tuesday about the Jan. 6 riots.Capitol Police officer Brian Sicknick and four others were killed and about 140 Capitol and D.C. Metropolitan police officers were injured when supporters of former President 
Donald Trump
 stormed the Capitol,raising questions about why law enforcement was so easily overwhelmed. Capitol Police Chief Steven Sund, House Sergeant-at-Arms Paul Irving and Senate Sergeant-at-Arms Michael Stenger all resigned after the attacks, 35 officers are under investigation, and six officers have been suspended,The Wall Street Journal reported.Write toeditors@barrons.com"
2,BAX,2020-09-10,"Health CareStreet Notes3 Medical Device Stocks That Will Bounce Back, According to an AnalystByBill AlpertSept. 10, 2020 6:10 pm ETOrder ReprintsPrint ArticleText sizeAn employee works on the production of catheters at the Medtronic Inc. assembly plant.David Maung/BloombergCovid-19 lockdowns caused a big drop in surgical procedures, as patients put off elective surgery. That took a bite out ofbusinesses that make medical devicesHow Big a Hit? Health-Care Companies Try to Gauge the Costs of Coronavirus.The spreading coronavirus epidemic will disrupt supply chains and reduce surgeries. So far, the costs don’t look all that threatening. But as the crisis grows, the effects will be felt across the global economy.Continue reading.Now procedure volumes are bouncing back, says BofA Securities analyst Bob Hopkins, and so will the stocks of device makers. In a report this week, he said his best ideas for the rest of this year areMedtronic(ticker: MDT),Baxter International(BAX), andStryker(SYK)—which he all rates as Buys.“Our August checks indicate that surgical procedure trends continued to improve through August,” he wrote Tuesday, “and we sense growing confidence in the durability of the improvement from medtech companies.”Hopkins thinks Medtronic can rise, from its current level of $105, to $130. Baxter can rise from $83 to $96, and Stryker can go from $202 to $245.Wall Street’searnings outlookMedtronic Stock Is Up Because Earnings Were Bad But Not That BadMedtronic earnings were cut in half but they were better than expected.Continue readingfor Medtronic remains below the $3.99 a share Hopkins expects it to earn in the fiscal year ending April 2021, and the $5.60 he expects for 2022. Two near-term catalysts could change minds. On October 14, the company will detail its recently-disclosed restructuring plan to save $500 million in annual costs. Then in November, Hopkins predicts Medtronic will happily surprise skeptics with its second fiscal quarter earnings. As revenue accelerates in 2021, he expects the stock to rise to his price target on a 23-times multiple of next year’s earnings.Street numbers for Baxter are also subdued, Hopkins says. He’s betting that the federal government will prove generous in its November decision on reimbursement for Baxter’s new kidney dialysis technology Theranova. The revenues will help earnings grow at the low-double-digit percentage rate he expects in coming years. A 27-times multiple on his forecast of $3.68 in 2021 earnings would get the stock to his objective.Stryker’s management is the most optimistic of the teams he checked with, says Hopkins. The company tells him it is seeing a V-shaped recovery as government funds allow hospitals to buy Stryker capital equipment. It has been winning sales for surgical gear and has a pipeline of new products. Meanwhile, Stryker could increase its share of the artificial knee market from 40% to more than 60%. That would justify the stock rising up to 27 times the $8.86 a share he expects it to earn in 2021.Hopkins says that current valuations of medtech stocks aren’t excessive—except, that is, for the robotic surgery leaderIntuitive Surgical(ISRG). With the stock trading around $740 as this week began, it was riding at 56 times the free cash flow that Hopkins predicts for 2021. He likes the business fine, but concluded that its upside was fully priced. So he downgraded the stock to a Neutral from a Buy. Since BofA’s Tuesday downgrade, Intuitive shares have settled back to $705.60.Write toBill Alpert atwilliam.alpert@barrons.com"
3,BAX,2020-06-01,"DividendsMay Was Bad for Dividends. But Here are 11 Big Companies That Raised Their Payouts.ByLawrence C. StraussJune 1, 2020 6:30 am ETOrder ReprintsPrint ArticleText sizeGetty ImagesAlthough many S&P 500 companies suspended or cut their dividends in May as a result of the pandemic, 11 companies have raised their payouts during that month.They include medical device makerMedtronic(ticker: MDT),PepsiCo(PEP), andClorox(CLX). These companies and three others—Cardinal Health(CAH),Chubb(CB), andExpeditors International of Washington(EXPD)—are members of the S&P 500 Dividend Aristocrats.Those companiesDozens of Companies Have Cut Dividends. These 8 Aristocrats Could Weather the Crisis With Payouts Intact.Barron’s has found eight S&P 500 Dividend Aristocrats that look like they can weather the coronavirus crisis with its payouts intact, if not higher.Continue readinghave paid out higher dividends every year for at least 25 consecutive years. The group has 66 members.These dividend increases were put through during a month when many companies said they would maintain their payouts at current levels or, worse, suspend them.In allThe Dividend Massacre That Was MayIn May, 18 S&P 500 companies said they were suspending their payouts and five others announced cuts, according to S&P Dow Jones Indices.Continue reading, 18 S&P 500 companies announced suspensions and five others said they were cutting their dividends.On the positive side of the dividend ledger, some large companies did manage to declare dividend increases in May.Medtronic, which yields 2.4%, announced that it would raise its quarterly dividend to 58 cents a share, up 7% from 54 cents.PepsiCo, plans to pay a quarterly dividend of $1.0225 cents a share, up 7% from 95.5 cents. The stock yields 3.1%.Clorox declared a quarterly disbursement of $1.11 a share, up nearly 5% from $1.06. The stock yields 2.2%.Drug distributor Cardinal Health has declared a quarterly payout of 48.59 cents a share, up 1%. The stock yields 3.6%.Another dividend increase was announced by property and casualty insurer Chubb, which yields 2.6%. The company plans to boost its quarterly dividend to 78 cents a share, up 4% from 75 cents. That equates to an annual dividend of $3.12 a share.Expeditors International of Washington declared a semiannual disbursement of 52 cents a share. That’s an increase of 2 cents, or 4%, from 50 cents. The stock of the shipping and logistics company yields 1.4%.Ameriprise Financial(AMP), which offers financial planning, asset management and insurance, declared a quarterly dividend of $1.07 a share, up from 97 cents, for a 7% increase. The company was spun off fromAmerican Express(AXP) in 2005. The stock yields 3%.Baxter International(BAX), which makes various medical-supplies and technology including infusion systems, is planning to raise its quarterly dividend to 24.5 cents a share, versus 22 cents currently. That’s an 11% boost.Aerospace and defense contractorNorthrop Grumman (NOC)has declared a quarterly dividend of $1.45 a share, up from $1.32, for a 10% increase. The stock yields 1.7%.TE Connectivity(TEL), whose products include electronic components, recently declared a quarterly dividend of 48 cents a share, up from 46 cents, for a 4% increase.The stock yields 2.4%.S&P Dow Jones Indices includedCboe Global Markets(CBOE) on its list of dividend increases for S&P 500 companies in May, although the company didn’t declare an increase during the month.Yet the company’s declared second-quarter dividend of 36 cents a share is 5 cents higher than it was a year earlier. The stock yields 1.4%.Write toLawrence C. Strauss atlawrence.strauss@barrons.com"
4,BAX,2019-12-06,"DividendsCitigroup and 23 More Dividend Stocks That Offer Shelter in Today’s EconomyByLawrence C. StraussUpdated Dec. 6, 2019 1:53 pm ET / Original Dec. 5, 2019 4:32 pm ETOrder ReprintsPrint ArticleBarron's NewslettersHi Jiahao, get the latest  from The Barron's DailyA morning briefing on what you need to know in the day ahead, including exclusive commentary from Barron's and MarketWatch writers.Sign UpYou have been successfully subscribed to The Barron's Daily. Your first delivery will arrive within two days.Text sizeSlower economic growth will drag on the S&P 500 until the second quarter, according to UBS,Photograph by Maico AmorimNow that the U.S. economy is expanding less quickly, stocks with the fastest and most sustainable dividend growth are worth considering, according to a recent research note byUBS.The firm’s U.S. equity strategists “expect pressure on theS&P 500until the second quarter” when various economic indicators should bottom out. Meanwhile, stocks with sustainable dividend growth should offer some protection, according to the note, which was published Tuesday.Analysts at UBS ran a screen in which they looked for Buy-rated stocks projected to have three-year compound dividend growth at least in the high single digits. The screen sought stocks with sustainable dividend growth, not those with the highest yields.It excluded stocks with dividend yields of less than 1%. That is well below the S&P 500’s average yield of about 2%. But lower-yielding stocks can offer better dividend growth than stocks with very high yields.With Dividend Funds, Growth Is Hotter Than YieldFunds focused on stocks with growing dividends have trumped those emphasizing higher yields so far this year, results that reflect two big market trends: a love for tech stocks and a relative aversion to value stocks.Continue readingBased on the UBS analysis,Citigroup(ticker: C) will have the fastest annual dividend growth from this year through 2021. Citi’s projected annualized dividend growth rate is 20.1%, followed by the pharmaceutical firmEli Lilly(LLY), at 15%;Baxter International(BAX), which makes medical products, at 14.4%;Molson Coors Brewing(TAP), at 13.9%, andDarden Restaurants(DRI), at 13.8%.Their yields vary considerably. Citi’s was recently at 2.7%, compared with 2.2% for Eli Lilly and 1.1% for Baxter International. Molson yields 4.5%, and Darden’s yield is 3%.In all, the companies that met the screen’s criteria included eight industrial firms, five consumer names, and four financials. There were also three each from health care and utilities.Comcast(CMCSA), whose businesses include telecommunications and media, rounds out the list.Verishop CEO on Competing With Amazon in the World of RetailSkip Adin 15You may also likeCloseCreated with sketchtool.Up NextCloseCreated with sketchtool.Your browser does not support HTML5 video.PlayCreated with sketchtool.PausedSound OnCreated with sketchtool.0:00/2:51ShareCreated with sketchtool.Closed Captions InactiveCreated with sketchtool.Verishop CEO on Competing With Amazon in the World of RetailPlay video: Verishop CEO on Competing With Amazon in the World of RetailImran Khan, co-founder & CEO of Verishop, details the unique elements he considered when building an ecommerce platform designed to compete with retail giants like Amazon.The research note ranked these 24 companies by various additional criteria. One screen looked at payout ratios, which measure the percentage of a company’s earnings returned to investors as dividends and are considered a way to assess how much flexibility management has to hand back more cash.The lower the payout ratio, the better.The five companies that scored the most favorably areHuntington Ingalls Industries(HII) at 21.4%; Baxter International, 24.5%;Crane(CR), 25.8%, Citigroup, 26.1%, andIntercontinental Exchange(ICE), 27.8%.Eighteen of the 24 companies had payout ratios below 50%.Here is a list of the companies UBS ranked by dividend growth over the next three years:Write toLawrence C. Strauss atlawrence.strauss@barrons.com"
5,BAX,2019-05-31,"HealthSector FocusHow the New Tariffs Will Hit U.S. Medical-Device ManufacturersByJosh Nathan-KazisMay 31, 2019 10:58 am ETOrder ReprintsPrint ArticlePhotograph by Pedro Pardo/AFP/Getty ImagesText sizeU.S. medical-device manufacturers depend heavily on components imported from Mexico, but one analyst says that the tariffs that President Donald Trump threatened in an evening tweet on Thursday wouldn’t scuttle the industry.“For the overall medtech space, I think it’s going to be manageable,”RBC Capital MarketsanalystBrandon HenrytoldBarron’son Friday morning.In a note out Friday, Henry considered the possible disruptions to the sector, which relies on Mexico for 15% of its imports and 7% of its exports.He suggests that the impact could be moderate, but that some companies could be disproportionately affected, such as medical-device manufacturerIntuitive Surgical(ticker: ISRG),which makes most of its instrumentsIntuitive Surgical Faces New Competition and FDA ConcernsThe Food and Drug Administration is now warning consumers about the use of robotic equipment for mastectomies and other cancer-related surgeries for women.Continue readingin Mexicali, on the Mexican side of the California border.Read more:Beating the Market With Medical-Device StocksBeating the Market With Medical-Device StocksVivian Wohl, co-manager of the Federated Kaufman Small Cap fund, digs deep when researching medical devices and health-care software. Why she likes the stocks of Inspire Medical Systems, Veeva Systems, and othersContinue readingShares of Intuitive were down 2.3% early Friday morning, at $466.45. Shares of theiShares U.S. Medical Devicesexchange-traded fund (IHI) were down 0.9%, at $219.84, in line with theS&P 500,down 1%.The back story.The president’s announcement Thursday that he will impose a 5% tariff on imports from Mexico beginning in early June—and would multiply the tariff month by month if illegal border crossings are not halted—rocked markets Friday morning.The possible tariffs could impact a whole host of U.S. industries, which depend on Mexican manufacturers as a part of their supply chain.As RBC’s Henry writes in his note, U.S. medical device companies rely heavily on components imported from Mexico.Editor's ChoiceWhat’s new.Still, Henry sees no reason to panic. China is only a moderately smaller trading partner for the U.S. medical-device industry than Mexico, and the Chinese tariffs have had a minimal impact on earnings for medical-device companies.“I think it’s going to be similar to [Chinese tariffs],” he says. “I’ve heard back from a lot of the companies. I would describe it as a manageable impact for the space.”Looking forward.Still, Henry noted that some companies have more exposure than others. Intuitive relies heavily on its Mexican factories.Baxter International(BAX),a medical-products and pharmaceutical company3 Stocks That Hiked Their Dividends This WeekSynchrony Financial announced before the opening bell Thursday that it will increase its quarterly dividend by a penny, following dividend increases by Phillips 66 and Baxter International.Continue reading, has three manufacturing facilities in Mexico. Its shares were down 1.4% on Friday, while shares ofInteger Holdings(ITGR), a medical-device company with three manufacturing facilities in Mexico, were down 2.8%.Reaction to the tariff threat is still unfolding. In his evening tweet, the president promised more details on the tariffs would be forthcoming.Write toJosh Nathan-Kazis atjosh.nathan-kazis@barrons.com"
6,BAX,2019-05-09,"Dividends3 Stocks That Hiked Their Dividends This WeekByLawrence C. StraussUpdated May 9, 2019 10:14 am ET / Original May 9, 2019 9:53 am ETOrder ReprintsPrint ArticlePhotograph by Daniel Acker/BloombergText sizeSynchrony Financial(ticker: SYF) announced before the opening bell Thursday that it will increase its quarterly dividend by a penny, to 22 cents a share. That is an increase of nearly 5%.The company issues private-label credit cards for large retailers such asAmazon.com(AMZN),J.C. Penney(JCP) andLowe’s(LOW).Synchrony also announced a $4 billion stock buyback program.The company is losingWhere Synchrony Financial  Goes After WalmartSynchrony Financial looks attractive, especially considering that the company’s loan-loss reserves are moderating, boosting profitability.Continue readingitsWalmartbusiness, but it announced last year that it is extending its card business with Sam’s Club, among other customers.The stock, which yields 2.5%, has a one-year return of about 3%. Shares were down 0.2% to $33.74 Thursday morning.Editor's ChoiceMeanwhile, shares of(PSX) have struggled amid a tough stretch for energy firms. A brief reprieve came Wednesday, however, when the company announced a 12.5% increase in its quarterly dividend.The company’s board declared a disbursement of 90 cents a share, up from 80 cents.The stock, which was recently yielding 3.7%, has a one-year return of about minus-25%. It closed Wednesday at $85.90, down 0.75% on the day. I was down 1.5% Thursday morning to $84.59.The company’s operations include refining, transporting and storing crude oil.Elsewhere,Baxter International(BAX) on Tuesday announced a quarterly dividend of 22 cents a share, up 16% from 19 cents.The company has a large portfolio of medical products, including IV solutions, infusion systems and software.The stock, which has a one-year return of about 12%, yields 1.1%. It fell 1.% to $75.37 Thursday morning.Write toLawrence C. Strauss atlawrence.strauss@barrons.com"
7,BAX,2019-02-22,"MarketsSector FocusDan Loeb’s Third Point Sees Volatility–and Buying Opportunities–Re-EmergingByTeresa RivasFeb. 22, 2019 11:36 am ETOrder ReprintsPrint ArticlePhotograph by Stefan Wermuth/BloombergText sizeActively managed funds may continue to struggle, but individual activist investors can still make substantial profits by doing their homework. That’s the takeaway from the latest investor letter fromDan Loeb’sThird Point, a $14 billion firm that reiterated its commitment to pressing underperforming companies to make changes.Like many activist funds (and regular investors) Third Point ended 2018 in the red, with an 11.3% loss, compared to a loss of 6.2% for theS&P 500.Yet that was just the Third Point’s second double-digit loss in 24 years, and the firm said that a combination of four factors—short selling, activism, opportunistic credit, and identifying mispriced securities—helped the firm notch 300% returns since 2011.While the market has rallied this year, with the S&P 500 up 10.7% through yesterday’s close, Third Point believes that its “moderate [net equity] positioning is appropriate for this environment,” as it expects volatility to re-emerge—and therefore buying opportunities. “To generate returns in a volatile market environment it is necessary to be a liquidity provider at times of market stress and euphoria.” This, along with analysis and conviction to act, is what makes “classic stock picking as relevant as ever” in this increasingly passive-driven world, the firm argues, even as we move on from the end of the quantitative-easing era. Looking ahead, Third Point believes that global growth will be the main driver of stocks’ trajectory.Editor's ChoiceMoving on to individual positions, the firm talks aboutBaxter International(BAX),Campbell Soup(CPB),Nestle(NSRGY), andUnited Technologies(UTX). Baxter is still its largest holding, even as the stock has already generated more profits than any other investment in Third Point’s history. The firm said that it still has plenty of confidence in management, earnings growth, and free-cash-flow generation in the coming years.As for Campbell, Third Point said that its relationship with the packaged food maker changed immediately once its proxy fight has done, and praised new CEOMark Clouse, who was chosen as part of a joint process between the company and the firm. “With Mark at the helm and change at the board level following years of underperformance, we are confident Campbell has a good long-term case for value creation.”Speaking of CEO praise, Nestle’sMark Schneidergot similar treatment. Third Point that it has a collaborative relationship with him as well, and the two are “reposition[ing] the company for long-term success,” it writes. The firm believes Nestle will be able to sustain the double-digit growth of 2018, with momentum continuing into 2020 and beyond, thanks to better strategy, portfolio focus, and efforts to become more nimble despite its size.Finally, with United Tech, Third Point said that while management has done well to try to correct misconceptions about thenew Rockwell Collins post-splitUnited Technologies Stock Spent 2018 Stuck in LimboThe industrial conglomerate bought Rockwell Collins, and announced that it would break up into three companies. But the split probably won’t happen until 2020, which means investors could be waiting a while longer.Continue reading, it could still do more, specifically “quantify the elimination of stranded costs and explore a highly value-creating transaction for Carrier,” suggestions that the firm believes the company is open to considering. Even as United Tech’s sum-of-the-parts discount and valuation gap to peers have continued to widen, Third Point believes that the division into three separate companies will highlight these disconnects, to the benefit of shareholders.Write toTeresa Rivas atteresa.rivas@barrons.com"
